Model,MAE,R²
sgd,40.138557,-0.419863
mlp,40.190662,-0.381869
xgb,42.148547,-0.589963
